City,County,State
North Canaan,Litchfield County,Connecticut
North Haven,New Haven County,Connecticut
North Stonington,New London County,Connecticut
Norwalk,Fairfield County,Connecticut
Norwich,New London County,Connecticut
Old Lyme,New London County,Connecticut
Old Saybrook,Middlesex County,Connecticut
Orange,New Haven County,Connecticut
Oxford,New Haven County,Connecticut
Plainfield,Windham County,Connecticut
Bethlehem,Litchfield County,Connecticut
Plainville,Hartford County,Connecticut
Plymouth,Litchfield County,Connecticut
Pomfret,Windham County,Connecticut
Portland,Middlesex County,Connecticut
Preston,New London County,Connecticut
Prospect,New Haven County,Connecticut
Putnam,Windham County,Connecticut
Redding,Fairfield County,Connecticut
Ridgefield,Fairfield County,Connecticut
Rocky Hill,Hartford County,Connecticut
Bloomfield,Hartford County,Connecticut
Roxbury,Litchfield County,Connecticut
Salem,New London County,Connecticut
Salisbury,Litchfield County,Connecticut
Scotland,Windham County,Connecticut
Seymour,New Haven County,Connecticut
Sharon,Litchfield County,Connecticut
Shelton,Fairfield County,Connecticut
Sherman,Fairfield County,Connecticut
Simsbury,Hartford County,Connecticut
Somers,Tolland County,Connecticut
Bolton,Tolland County,Connecticut
Southbury,New Haven County,Connecticut
Southington,Hartford County,Connecticut
South Windsor,Hartford County,Connecticut
Sprague,New London County,Connecticut
Stafford,Tolland County,Connecticut
Stamford,Fairfield County,Connecticut
Sterling,Windham County,Connecticut
Stonington,New London County,Connecticut
Stratford,Fairfield County,Connecticut
Suffield,Hartford County,Connecticut
Bozrah,New London County,Connecticut
Thomaston,Litchfield County,Connecticut
Thompson,Windham County,Connecticut
Tolland,Tolland County,Connecticut
Torrington,Litchfield County,Connecticut
Trumbull,Fairfield County,Connecticut
Union,Tolland County,Connecticut
Vernon,Tolland County,Connecticut
Voluntown,New London County,Connecticut
Wallingford,New Haven County,Connecticut
Warren,Litchfield County,Connecticut
Branford,New Haven County,Connecticut
Washington,Litchfield County,Connecticut
Waterbury,New Haven County,Connecticut
Waterford,New London County,Connecticut
Watertown,Litchfield County,Connecticut
Westbrook,Middlesex County,Connecticut
West Hartford,Hartford County,Connecticut
West Haven,New Haven County,Connecticut
Weston,Fairfield County,Connecticut
Westport,Fairfield County,Connecticut
Wethersfield,Hartford County,Connecticut
Bridgeport,Fairfield County,Connecticut
Willington,Tolland County,Connecticut
Wilton,Fairfield County,Connecticut
Winchester,Litchfield County,Connecticut
Windham,Windham County,Connecticut
Windsor,Hartford County,Connecticut
Windsor Locks,Hartford County,Connecticut
Wolcott,New Haven County,Connecticut
Woodbridge,New Haven County,Connecticut
Woodbury,Litchfield County,Connecticut
Woodstock,Windham County,Connecticut
Bridgewater,Litchfield County,Connecticut
Bristol,Hartford County,Connecticut
Brookfield,Fairfield County,Connecticut
Brooklyn,Windham County,Connecticut
Andover,Tolland County,Connecticut
Burlington,Hartford County,Connecticut
Canaan,Litchfield County,Connecticut
Canterbury,Windham County,Connecticut
Canton,Hartford County,Connecticut
Chaplin,Windham County,Connecticut
Cheshire,New Haven County,Connecticut
Chester,Middlesex County,Connecticut
Clinton,Middlesex County,Connecticut
Colchester,New London County,Connecticut
Colebrook,Litchfield County,Connecticut
Ansonia,New Haven County,Connecticut
Columbia,Tolland County,Connecticut
Cornwall,Litchfield County,Connecticut
Coventry,Tolland County,Connecticut
Cromwell,Middlesex County,Connecticut
Danbury,Fairfield County,Connecticut
Darien,Fairfield County,Connecticut
Deep River,Middlesex County,Connecticut
Derby,New Haven County,Connecticut
Durham,Middlesex County,Connecticut
Eastford,Windham County,Connecticut
Ashford,Windham County,Connecticut
East Granby,Hartford County,Connecticut
East Haddam,Middlesex County,Connecticut
East Hampton,Middlesex County,Connecticut
East Hartford,Hartford County,Connecticut
East Haven,New Haven County,Connecticut
East Lyme,New London County,Connecticut
Easton,Fairfield County,Connecticut
East Windsor,Hartford County,Connecticut
Ellington,Tolland County,Connecticut
Enfield,Hartford County,Connecticut
Avon,Hartford County,Connecticut
Essex,Middlesex County,Connecticut
Fairfield,Fairfield County,Connecticut
Farmington,Hartford County,Connecticut
Franklin,New London County,Connecticut
Glastonbury,Hartford County,Connecticut
Goshen,Litchfield County,Connecticut
Granby,Hartford County,Connecticut
Greenwich,Fairfield County,Connecticut
Griswold,New London County,Connecticut
Groton,New London County,Connecticut
Barkhamsted,Litchfield County,Connecticut
Guilford,New Haven County,Connecticut
Haddam,Middlesex County,Connecticut
Hamden,New Haven County,Connecticut
Hampton,Windham County,Connecticut
Hartford,Hartford County,Connecticut
Hartland,Hartford County,Connecticut
Harwinton,Litchfield County,Connecticut
Hebron,Tolland County,Connecticut
Kent,Litchfield County,Connecticut
Killingly,Windham County,Connecticut
Beacon Falls,New Haven County,Connecticut
Killingworth,Middlesex County,Connecticut
Lebanon,New London County,Connecticut
Ledyard,New London County,Connecticut
Lisbon,New London County,Connecticut
Litchfield,Litchfield County,Connecticut
Lyme,New London County,Connecticut
Madison,New Haven County,Connecticut
Manchester,Hartford County,Connecticut
Mansfield,Tolland County,Connecticut
Marlborough,Hartford County,Connecticut
Berlin,Hartford County,Connecticut
Meriden,New Haven County,Connecticut
Middlebury,New Haven County,Connecticut
Middlefield,Middlesex County,Connecticut
Middletown,Middlesex County,Connecticut
Milford,New Haven County,Connecticut
Monroe,Fairfield County,Connecticut
Montville,New London County,Connecticut
Morris,Litchfield County,Connecticut
Naugatuck,New Haven County,Connecticut
New Britain,Hartford County,Connecticut
Bethany,New Haven County,Connecticut
New Canaan,Fairfield County,Connecticut
New Fairfield,Fairfield County,Connecticut
New Hartford,Litchfield County,Connecticut
New Haven,New Haven County,Connecticut
Newington,Hartford County,Connecticut
New London,New London County,Connecticut
New Milford,Litchfield County,Connecticut
Newtown,Fairfield County,Connecticut
Norfolk,Litchfield County,Connecticut
North Branford,New Haven County,Connecticut
Bethel,Fairfield County,Connecticut
Aroostook Cty Townships,Aroostook County,Maine
Damariscotta,Lincoln County,Maine
St. Albans,Somerset County,Maine
Belfast,Waldo County,Maine
Turner,Androscoggin County,Maine
Alexander,Washington County,Maine
Weld,Franklin County,Maine
Haynesville,Aroostook County,Maine
Otisfield,Oxford County,Maine
Bucksport,Hancock County,Maine
Roxbury,Oxford County,Maine
Mapleton,Aroostook County,Maine
Hebron,Oxford County,Maine
Wellington,Piscataquis County,Maine
Kennebunkport,York County,Maine
Madawaska,Aroostook County,Maine
Hartford,Oxford County,Maine
Machias,Washington County,Maine
Van Buren,Aroostook County,Maine
Winn,Penobscot County,Maine
Georgetown,Sagadahoc County,Maine
Harrison,Cumberland County,Maine
Westfield,Aroostook County,Maine
Upton,Oxford County,Maine
Norridgewock,Somerset County,Maine
Blue Hill,Hancock County,Maine
Cape Elizabeth,Cumberland County,Maine
Bowerbank,Piscataquis County,Maine
Unity,Waldo County,Maine
Cherryfield,Washington County,Maine
Swanville,Waldo County,Maine
Montville,Waldo County,Maine
Monhegan Plt.,Lincoln County,Maine
Fryeburg,Oxford County,Maine
Burnham,Waldo County,Maine
Wiscasset,Lincoln County,Maine
Deer Isle,Hancock County,Maine
Danforth,Washington County,Maine
Swan's Island,Hancock County,Maine
Canaan,Somerset County,Maine
Washburn,Aroostook County,Maine
Charlotte,Washington County,Maine
Steuben,Washington County,Maine
Waterford,Oxford County,Maine
Milford,Penobscot County,Maine
Kittery,York County,Maine
Livermore,Androscoggin County,Maine
Columbia Falls,Washington County,Maine
Dayton,York County,Maine
Crawford,Washington County,Maine
Dexter,Penobscot County,Maine
Bristol,Lincoln County,Maine
Kennebunk,York County,Maine
Lewiston,Androscoggin County,Maine
Camden,Knox County,Maine
Atkinson,Piscataquis County,Maine
Albion,Kennebec County,Maine
Holden,Penobscot County,Maine
Washington,Knox County,Maine
Vienna,Kennebec County,Maine
Troy,Waldo County,Maine
Gouldsboro,Hancock County,Maine
Caratunk,Somerset County,Maine
Sebago,Cumberland County,Maine
Roque Bluffs,Washington County,Maine
Franklin Cty Townships,Franklin County,Maine
Linneus,Aroostook County,Maine
Trenton,Hancock County,Maine
Perry,Washington County,Maine
Hallowell,Kennebec County,Maine
South Berwick,York County,Maine
Peru,Oxford County,Maine
Piscataquis Cty Townshps,Piscataquis County,Maine
Industry,Franklin County,Maine
Orrington,Penobscot County,Maine
Pittston,Kennebec County,Maine
Parkman,Piscataquis County,Maine
Cambridge,Somerset County,Maine
Oxford,Oxford County,Maine
Boothbay Harbor,Lincoln County,Maine
Fayette,Kennebec County,Maine
Portland,Cumberland County,Maine
Brooks,Waldo County,Maine
Kingsbury Plt.,Piscataquis County,Maine
Durham,Androscoggin County,Maine
Carthage,Franklin County,Maine
Frenchville,Aroostook County,Maine
Newry,Oxford County,Maine
Liberty,Waldo County,Maine
Beals,Washington County,Maine
West Gardiner,Kennebec County,Maine
Milbridge,Washington County,Maine
Ludlow,Aroostook County,Maine
Waterville,Kennebec County,Maine
Tremont,Hancock County,Maine
Bradley,Penobscot County,Maine
Denmark,Oxford County,Maine
Frye Island,Cumberland County,Maine
Newcastle,Lincoln County,Maine
Sanford,York County,Maine
Franklin,Hancock County,Maine
Sullivan,Hancock County,Maine
Grand Lake Stream Plt,Washington County,Maine
Perham,Aroostook County,Maine
Beddington,Washington County,Maine
St. Francis,Aroostook County,Maine
Pittsfield,Somerset County,Maine
Oakland,Kennebec County,Maine
Ogunquit,York County,Maine
Fairfield,Somerset County,Maine
Wesley,Washington County,Maine
Rangeley Plt.,Franklin County,Maine
New Vineyard,Franklin County,Maine
Crystal,Aroostook County,Maine
Jonesboro,Washington County,Maine
Frenchboro,Hancock County,Maine
Lincoln County,Lincoln County,Maine
Stockton Springs,Waldo County,Maine
Sabattus,Androscoggin County,Maine
Lee,Penobscot County,Maine
Vinalhaven,Knox County,Maine
Owl's Head,Knox County,Maine
Winter Harbor,Hancock County,Maine
Indian Township Vtng Dst,Washington County,Maine
Cooper,Washington County,Maine
Waite,Washington County,Maine
York,York County,Maine
Glenwood Plt.,Aroostook County,Maine
Stoneham,Oxford County,Maine
Wales,Androscoggin County,Maine
Gilead,Oxford County,Maine
Burlington,Penobscot County,Maine
Carroll Plt.,Penobscot County,Maine
Sherman,Aroostook County,Maine
Saco,York County,Maine
Belmont,Waldo County,Maine
Moose River,Somerset County,Maine
Aroostook County,Aroostook County,Maine
Oxford County,Oxford County,Maine
Beaver Cove,Piscataquis County,Maine
Charleston,Penobscot County,Maine
Pownal,Cumberland County,Maine
Somerset Cty Townships,Somerset County,Maine
Somerset County,Somerset County,Maine
Wade,Aroostook County,Maine
Allagash,Aroostook County,Maine
Morrill,Waldo County,Maine
Sorrento,Hancock County,Maine
Dyer Brook,Aroostook County,Maine
Oxbow Plt.,Aroostook County,Maine
Norway,Oxford County,Maine
Baring Plt.,Washington County,Maine
Paris,Oxford County,Maine
Cornish,York County,Maine
Lincolnville,Waldo County,Maine
Chebeague Island,Cumberland County,Maine
Livermore Falls,Androscoggin County,Maine
Merrill,Aroostook County,Maine
Long Island,Cumberland County,Maine
Coplin Plt.,Franklin County,Maine
North Berwick,York County,Maine
Abbot,Piscataquis County,Maine
Talmadge,Washington County,Maine
Alton,Penobscot County,Maine
Limestone,Aroostook County,Maine
Westmanland,Aroostook County,Maine
Buckfield,Oxford County,Maine
Enfield,Penobscot County,Maine
Frankfort,Waldo County,Maine
Edinburg,Penobscot County,Maine
Thorndike,Waldo County,Maine
Bradford,Penobscot County,Maine
Great Pond,Hancock County,Maine
Skowhegan,Somerset County,Maine
Brownfield,Oxford County,Maine
Readfield,Kennebec County,Maine
Waldoboro,Lincoln County,Maine
Solon,Somerset County,Maine
Hancock County,Hancock County,Maine
South Thomaston,Knox County,Maine
Berwick,York County,Maine
Somerville,Lincoln County,Maine
Gorham,Cumberland County,Maine
Wayne,Kennebec County,Maine
Benton,Kennebec County,Maine
Gardiner,Kennebec County,Maine
Fort Kent,Aroostook County,Maine
Hampden,Penobscot County,Maine
Etna,Penobscot County,Maine
Edgecomb,Lincoln County,Maine
Baileyville,Washington County,Maine
Saint Agatha,Aroostook County,Maine
Phillips,Franklin County,Maine
Exeter,Penobscot County,Maine
Knox County,Knox County,Maine
Dedham,Hancock County,Maine
Temple,Franklin County,Maine
Rangeley,Franklin County,Maine
Belgrade,Kennebec County,Maine
Nobleboro,Lincoln County,Maine
Northfield,Washington County,Maine
Thomaston,Knox County,Maine
Leeds,Androscoggin County,Maine
West Forks Plt.,Somerset County,Maine
Arrowsic,Sagadahoc County,Maine
Levant,Penobscot County,Maine
Piscataquis County,Piscataquis County,Maine
Bingham,Somerset County,Maine
New Sweden,Aroostook County,Maine
Masardis,Aroostook County,Maine
Bethel,Oxford County,Maine
Cary Plt.,Aroostook County,Maine
Cutler,Washington County,Maine
Kenduskeag,Penobscot County,Maine
Islesboro,Waldo County,Maine
Sidney,Kennebec County,Maine
Kingfield,Franklin County,Maine
Lakeville,Penobscot County,Maine
Windsor,Kennebec County,Maine
New Limerick,Aroostook County,Maine
Hanover,Oxford County,Maine
Hersey,Aroostook County,Maine
Glenburn,Penobscot County,Maine
New Portland,Somerset County,Maine
Waterboro,York County,Maine
Macwahoc Plt.,Aroostook County,Maine
Old Town,Penobscot County,Maine
Scarborough,Cumberland County,Maine
Rockport,Knox County,Maine
Orland,Hancock County,Maine
Greenville,Piscataquis County,Maine
Verona,Hancock County,Maine
Rockland,Knox County,Maine
Buxton,York County,Maine
East Millinocket,Penobscot County,Maine
Columbia,Washington County,Maine
Penobscot,Hancock County,Maine
Garfield Plt.,Aroostook County,Maine
Fort Fairfield,Aroostook County,Maine
Lincoln,Penobscot County,Maine
Guilford,Piscataquis County,Maine
Lincoln Plt.,Oxford County,Maine
Hancock Cty Townships,Hancock County,Maine
Princeton,Washington County,Maine
Cumberland,Cumberland County,Maine
Friendship,Knox County,Maine
Monroe,Waldo County,Maine
Byron,Oxford County,Maine
Lubec,Washington County,Maine
Island Falls,Aroostook County,Maine
Sandy River Plt.,Franklin County,Maine
Bowdoinham,Sagadahoc County,Maine
New Sharon,Franklin County,Maine
Randolph,Kennebec County,Maine
Webster Plt.,Penobscot County,Maine
Acton,York County,Maine
Clinton,Kennebec County,Maine
Portage Lake,Aroostook County,Maine
Sedgwick,Hancock County,Maine
Farmington,Franklin County,Maine
Hancock,Hancock County,Maine
Topsfield,Washington County,Maine
Bath,Sagadahoc County,Maine
Oxford Cty Townships,Oxford County,Maine
Manchester,Kennebec County,Maine
Richmond,Sagadahoc County,Maine
South Portland,Cumberland County,Maine
Lovell,Oxford County,Maine
Hiram,Oxford County,Maine
Sebec,Piscataquis County,Maine
Howland,Penobscot County,Maine
Mechanic Falls,Androscoggin County,Maine
Presque Isle,Aroostook County,Maine
Avon,Franklin County,Maine
Surry,Hancock County,Maine
Orient,Aroostook County,Maine
Eustis,Franklin County,Maine
Shapleigh,York County,Maine
Hollis,York County,Maine
Newport,Penobscot County,Maine
Lebanon,York County,Maine
Reed Plt.,Aroostook County,Maine
East Machias,Washington County,Maine
Freeport,Cumberland County,Maine
Winterville Plt.,Aroostook County,Maine
St. George,Knox County,Maine
Hodgdon,Aroostook County,Maine
Greenwood,Oxford County,Maine
Jay,Franklin County,Maine
Cushing,Knox County,Maine
Machiasport,Washington County,Maine
Corinna,Penobscot County,Maine
Sweden,Oxford County,Maine
Athens,Somerset County,Maine
South Bristol,Lincoln County,Maine
Embden,Somerset County,Maine
Dixmont,Penobscot County,Maine
New Canada,Aroostook County,Maine
Jonesport,Washington County,Maine
Weston,Aroostook County,Maine
Anson,Somerset County,Maine
Androscoggin County,Androscoggin County,Maine
Smithfield,Somerset County,Maine
Casco,Cumberland County,Maine
Newfield,York County,Maine
Andover,Oxford County,Maine
Harmony,Somerset County,Maine
Strong,Franklin County,Maine
Kennebec County,Kennebec County,Maine
Plymouth,Penobscot County,Maine
Newburgh,Penobscot County,Maine
Passadumkeag,Penobscot County,Maine
Eddington,Penobscot County,Maine
Cumberland County,Cumberland County,Maine
St. John Plt.,Aroostook County,Maine
Nashville Plt.,Aroostook County,Maine
Blaine,Aroostook County,Maine
Woodstock,Oxford County,Maine
Searsmont,Waldo County,Maine
Penobscot County,Penobscot County,Maine
Cranberry Isles,Hancock County,Maine
Bowdoin,Sagadahoc County,Maine
Freedom,Waldo County,Maine
Osborn,Hancock County,Maine
Waldo,Waldo County,Maine
Caribou,Aroostook County,Maine
Chester,Penobscot County,Maine
Stetson,Penobscot County,Maine
Ashland,Aroostook County,Maine
Southport,Lincoln County,Maine
Mount Vernon,Kennebec County,Maine
Eastbrook,Hancock County,Maine
Warren,Knox County,Maine
Starks,Somerset County,Maine
Parsonsfield,York County,Maine
Patten,Penobscot County,Maine
Windham,Cumberland County,Maine
Stacyville,Penobscot County,Maine
Porter,Oxford County,Maine
Prospect,Waldo County,Maine
Mattawamkeag,Penobscot County,Maine
Greenbush,Penobscot County,Maine
Limington,York County,Maine
Penobscot Nation Vot Dst,Penobscot County,Maine
Eastport,Washington County,Maine
Drew Plt.,Penobscot County,Maine
Ellsworth,Hancock County,Maine
Standish,Cumberland County,Maine
Waltham,Hancock County,Maine
Willimantic,Piscataquis County,Maine
Whitneyville,Washington County,Maine
Mount Chase,Penobscot County,Maine
Topsham,Sagadahoc County,Maine
Millinocket,Penobscot County,Maine
Jefferson,Lincoln County,Maine
Amherst,Hancock County,Maine
Bangor,Penobscot County,Maine
Cyr Plt.,Aroostook County,Maine
Hope,Knox County,Maine
Calais,Washington County,Maine
Lake View Plt.,Piscataquis County,Maine
Otis,Hancock County,Maine
West Paris,Oxford County,Maine
Winterport,Waldo County,Maine
North Yarmouth,Cumberland County,Maine
Clifton,Penobscot County,Maine
Carrabassett Valley,Franklin County,Maine
Grand Isle,Aroostook County,Maine
Monson,Piscataquis County,Maine
North Haven,Knox County,Maine
Brownville,Piscataquis County,Maine
Corinth,Penobscot County,Maine
Bar Harbor,Hancock County,Maine
Dallas Plt.,Franklin County,Maine
Smyrna,Aroostook County,Maine
Pleasant Ridge Plt.,Somerset County,Maine
Milo,Piscataquis County,Maine
Brunswick,Cumberland County,Maine
Seboeis Plt.,Penobscot County,Maine
Palermo,Waldo County,Maine
Meddybemps,Washington County,Maine
Wells,York County,Maine
Whiting,Washington County,Maine
Isle Au Haut,Knox County,Maine
Hamlin,Aroostook County,Maine
Franklin County,Franklin County,Maine
Vassalboro,Kennebec County,Maine
Chesterville,Franklin County,Maine
New Gloucester,Cumberland County,Maine
Penobscot Cty Townships,Penobscot County,Maine
Medway,Penobscot County,Maine
Arundel,York County,Maine
Union,Knox County,Maine
Moscow,Somerset County,Maine
Veazie,Penobscot County,Maine
Lowell,Penobscot County,Maine
Robbinston,Washington County,Maine
Hammond,Aroostook County,Maine
Detroit,Somerset County,Maine
Winthrop,Kennebec County,Maine
Woodville,Penobscot County,Maine
Washington County,Washington County,Maine
Harrington,Washington County,Maine
Woodland,Aroostook County,Maine
Houlton,Aroostook County,Maine
Sumner,Oxford County,Maine
Springfield,Penobscot County,Maine
Wilton,Franklin County,Maine
Deblois,Washington County,Maine
Augusta,Kennebec County,Maine
Orono,Penobscot County,Maine
Mariaville,Hancock County,Maine
Knox,Waldo County,Maine
Southwest Harbor,Hancock County,Maine
Brooklin,Hancock County,Maine
Lamoine,Hancock County,Maine
Ripley,Somerset County,Maine
Winslow,Kennebec County,Maine
Jackman,Somerset County,Maine
West Bath,Sagadahoc County,Maine
Waldo County,Waldo County,Maine
Marshfield,Washington County,Maine
Stow,Oxford County,Maine
Phippsburg,Sagadahoc County,Maine
Raymond,Cumberland County,Maine
Bremen,Lincoln County,Maine
Dennistown Plt.,Somerset County,Maine
Mercer,Somerset County,Maine
Moro Plt.,Aroostook County,Maine
Rome,Kennebec County,Maine
Palmyra,Somerset County,Maine
Bridgton,Cumberland County,Maine
Castle Hill,Aroostook County,Maine
Falmouth,Cumberland County,Maine
Minot,Androscoggin County,Maine
Harpswell,Cumberland County,Maine
Yarmouth,Cumberland County,Maine
Amity,Aroostook County,Maine
Pleasant Point Votng Dst,Washington County,Maine
Medford,Piscataquis County,Maine
Hudson,Penobscot County,Maine
Dover-Foxcroft,Piscataquis County,Maine
Mexico,Oxford County,Maine
Lyman,York County,Maine
Sangerville,Piscataquis County,Maine
Shirley,Piscataquis County,Maine
Madison,Somerset County,Maine
Bridgewater,Aroostook County,Maine
Farmingdale,Kennebec County,Maine
Monmouth,Kennebec County,Maine
Naples,Cumberland County,Maine
Canton,Oxford County,Maine
Whitefield,Lincoln County,Maine
Limerick,York County,Maine
Poland,Androscoggin County,Maine
Vanceboro,Washington County,Maine
LaGrange,Penobscot County,Maine
Hermon,Penobscot County,Maine
Westbrook,Cumberland County,Maine
Washington Cty Townships,Washington County,Maine
Litchfield,Kennebec County,Maine
Searsport,Waldo County,Maine
Brighton Plt.,Somerset County,Maine
Caswell,Aroostook County,Maine
Highland Plt.,Somerset County,Maine
Appleton,Knox County,Maine
Jackson,Waldo County,Maine
Alna,Lincoln County,Maine
Pembroke,Washington County,Maine
Wallagrass,Aroostook County,Maine
Eliot,York County,Maine
Matinicus Isle Plt.,Knox County,Maine
Oakfield,Aroostook County,Maine
Chapman,Aroostook County,Maine
Brooksville,Hancock County,Maine
Easton,Aroostook County,Maine
Stockholm,Aroostook County,Maine
Rumford,Oxford County,Maine
Dixfield,Oxford County,Maine
Lisbon,Androscoggin County,Maine
Westport,Lincoln County,Maine
Northport,Waldo County,Maine
Addison,Washington County,Maine
Aurora,Hancock County,Maine
Garland,Penobscot County,Maine
Stonington,Hancock County,Maine
Dresden,Lincoln County,Maine
Boothbay,Lincoln County,Maine
China,Kennebec County,Maine
Gray,Cumberland County,Maine
Alfred,York County,Maine
York County,York County,Maine
Maxfield,Penobscot County,Maine
Chelsea,Kennebec County,Maine
Monticello,Aroostook County,Maine
Cornville,Somerset County,Maine
Dennysville,Washington County,Maine
Biddeford,York County,Maine
Mars Hill,Aroostook County,Maine
Old Orchrd Bch,York County,Maine
The Forks Plt.,Somerset County,Maine
Auburn,Androscoggin County,Maine
Brewer,Penobscot County,Maine
Greene,Androscoggin County,Maine
Castine,Hancock County,Maine
Baldwin,Cumberland County,Maine
Carmel,Penobscot County,Maine
Woolwich,Sagadahoc County,Maine
Hartland,Somerset County,Maine
Eagle Lake,Aroostook County,Maine
Littleton,Aroostook County,Maine
Magalloway Plt.,Oxford County,Maine
Mount Desert,Hancock County,Maine
Barnstable,Barnstable County,Massachusetts
Bourne,Barnstable County,Massachusetts
Brewster,Barnstable County,Massachusetts
Chatham,Barnstable County,Massachusetts
Dennis,Barnstable County,Massachusetts
Eastham,Barnstable County,Massachusetts
Falmouth,Barnstable County,Massachusetts
Harwich,Barnstable County,Massachusetts
Mashpee,Barnstable County,Massachusetts
Orleans,Barnstable County,Massachusetts
Provincetown,Barnstable County,Massachusetts
Sandwich,Barnstable County,Massachusetts
Truro,Barnstable County,Massachusetts
Wellfleet,Barnstable County,Massachusetts
Yarmouth,Barnstable County,Massachusetts
Adams,Berkshire County,Massachusetts
Alford,Berkshire County,Massachusetts
Becket,Berkshire County,Massachusetts
Cheshire,Berkshire County,Massachusetts
Clarksburg,Berkshire County,Massachusetts
Dalton,Berkshire County,Massachusetts
Egremont,Berkshire County,Massachusetts
Florida,Berkshire County,Massachusetts
Great Barrington,Berkshire County,Massachusetts
Hancock,Berkshire County,Massachusetts
Hinsdale,Berkshire County,Massachusetts
Lanesborough,Berkshire County,Massachusetts
Lee,Berkshire County,Massachusetts
Lenox,Berkshire County,Massachusetts
Monterey,Berkshire County,Massachusetts
Mount Washington,Berkshire County,Massachusetts
New Ashford,Berkshire County,Massachusetts
New Marlborough,Berkshire County,Massachusetts
North Adams,Berkshire County,Massachusetts
Otis,Berkshire County,Massachusetts
Peru,Berkshire County,Massachusetts
Pittsfield,Berkshire County,Massachusetts
Richmond,Berkshire County,Massachusetts
Sandisfield,Berkshire County,Massachusetts
Savoy,Berkshire County,Massachusetts
Sheffield,Berkshire County,Massachusetts
Stockbridge,Berkshire County,Massachusetts
Tyringham,Berkshire County,Massachusetts
Washington,Berkshire County,Massachusetts
West Stockbridge,Berkshire County,Massachusetts
Williamstown,Berkshire County,Massachusetts
Windsor,Berkshire County,Massachusetts
Acushnet,Bristol County,Massachusetts
Attleboro,Bristol County,Massachusetts
Berkley,Bristol County,Massachusetts
Dartmouth,Bristol County,Massachusetts
Dighton,Bristol County,Massachusetts
Easton,Bristol County,Massachusetts
Fairhaven,Bristol County,Massachusetts
Fall River,Bristol County,Massachusetts
Freetown,Bristol County,Massachusetts
Mansfield,Bristol County,Massachusetts
New Bedford,Bristol County,Massachusetts
North Attleborough,Bristol County,Massachusetts
Norton,Bristol County,Massachusetts
Raynham,Bristol County,Massachusetts
Rehoboth,Bristol County,Massachusetts
Seekonk,Bristol County,Massachusetts
Somerset,Bristol County,Massachusetts
Swansea,Bristol County,Massachusetts
Taunton,Bristol County,Massachusetts
Westport,Bristol County,Massachusetts
Aquinnah,Dukes County,Massachusetts
Chilmark,Dukes County,Massachusetts
Edgartown,Dukes County,Massachusetts
Gosnold,Dukes County,Massachusetts
Oak Bluffs,Dukes County,Massachusetts
Tisbury,Dukes County,Massachusetts
West Tisbury,Dukes County,Massachusetts
Amesbury,Essex County,Massachusetts
Andover,Essex County,Massachusetts
Beverly,Essex County,Massachusetts
Boxford,Essex County,Massachusetts
Danvers,Essex County,Massachusetts
Essex,Essex County,Massachusetts
Georgetown,Essex County,Massachusetts
Gloucester,Essex County,Massachusetts
Groveland,Essex County,Massachusetts
Hamilton,Essex County,Massachusetts
Haverhill,Essex County,Massachusetts
Ipswich,Essex County,Massachusetts
Lawrence,Essex County,Massachusetts
Lynn,Essex County,Massachusetts
Lynnfield,Essex County,Massachusetts
Manchester,Essex County,Massachusetts
Marblehead,Essex County,Massachusetts
Merrimac,Essex County,Massachusetts
Methuen,Essex County,Massachusetts
Middleton,Essex County,Massachusetts
Nahant,Essex County,Massachusetts
Newbury,Essex County,Massachusetts
Newburyport,Essex County,Massachusetts
North Andover,Essex County,Massachusetts
Peabody,Essex County,Massachusetts
Rockport,Essex County,Massachusetts
Rowley,Essex County,Massachusetts
Salem,Essex County,Massachusetts
Salisbury,Essex County,Massachusetts
Saugus,Essex County,Massachusetts
Swampscott,Essex County,Massachusetts
Topsfield,Essex County,Massachusetts
Wenham,Essex County,Massachusetts
West Newbury,Essex County,Massachusetts
Ashfield,Franklin County,Massachusetts
Bernardston,Franklin County,Massachusetts
Buckland,Franklin County,Massachusetts
Charlemont,Franklin County,Massachusetts
Colrain,Franklin County,Massachusetts
Conway,Franklin County,Massachusetts
Deerfield,Franklin County,Massachusetts
Erving,Franklin County,Massachusetts
Gill,Franklin County,Massachusetts
Greenfield,Franklin County,Massachusetts
Hawley,Franklin County,Massachusetts
Heath,Franklin County,Massachusetts
Leverett,Franklin County,Massachusetts
Leyden,Franklin County,Massachusetts
Monroe,Franklin County,Massachusetts
Montague,Franklin County,Massachusetts
New Salem,Franklin County,Massachusetts
Northfield,Franklin County,Massachusetts
Orange,Franklin County,Massachusetts
Rowe,Franklin County,Massachusetts
Shelburne,Franklin County,Massachusetts
Shutesbury,Franklin County,Massachusetts
Sunderland,Franklin County,Massachusetts
Warwick,Franklin County,Massachusetts
Wendell,Franklin County,Massachusetts
Whately,Franklin County,Massachusetts
Agawam,Hampden County,Massachusetts
Blandford,Hampden County,Massachusetts
Brimfield,Hampden County,Massachusetts
Chester,Hampden County,Massachusetts
Chicopee,Hampden County,Massachusetts
East Longmeadow,Hampden County,Massachusetts
Granville,Hampden County,Massachusetts
Hampden,Hampden County,Massachusetts
Holland,Hampden County,Massachusetts
Holyoke,Hampden County,Massachusetts
Longmeadow,Hampden County,Massachusetts
Ludlow,Hampden County,Massachusetts
Monson,Hampden County,Massachusetts
Montgomery,Hampden County,Massachusetts
Palmer,Hampden County,Massachusetts
Russell,Hampden County,Massachusetts
Southwick,Hampden County,Massachusetts
Springfield,Hampden County,Massachusetts
Tolland,Hampden County,Massachusetts
Wales,Hampden County,Massachusetts
Westfield,Hampden County,Massachusetts
West Springfield,Hampden County,Massachusetts
Wilbraham,Hampden County,Massachusetts
Amherst,Hampshire County,Massachusetts
Belchertown,Hampshire County,Massachusetts
Chesterfield,Hampshire County,Massachusetts
Cummington,Hampshire County,Massachusetts
Easthampton,Hampshire County,Massachusetts
Goshen,Hampshire County,Massachusetts
Granby,Hampshire County,Massachusetts
Hadley,Hampshire County,Massachusetts
Hatfield,Hampshire County,Massachusetts
Huntington,Hampshire County,Massachusetts
Middlefield,Hampshire County,Massachusetts
Northampton,Hampshire County,Massachusetts
Pelham,Hampshire County,Massachusetts
Plainfield,Hampshire County,Massachusetts
Southampton,Hampshire County,Massachusetts
South Hadley,Hampshire County,Massachusetts
Ware,Hampshire County,Massachusetts
Westhampton,Hampshire County,Massachusetts
Williamsburg,Hampshire County,Massachusetts
Worthington,Hampshire County,Massachusetts
Acton,Middlesex County,Massachusetts
Arlington,Middlesex County,Massachusetts
Ashby,Middlesex County,Massachusetts
Ashland,Middlesex County,Massachusetts
Ayer,Middlesex County,Massachusetts
Bedford,Middlesex County,Massachusetts
Belmont,Middlesex County,Massachusetts
Billerica,Middlesex County,Massachusetts
Boxborough,Middlesex County,Massachusetts
Burlington,Middlesex County,Massachusetts
Cambridge,Middlesex County,Massachusetts
Carlisle,Middlesex County,Massachusetts
Chelmsford,Middlesex County,Massachusetts
Concord,Middlesex County,Massachusetts
Dracut,Middlesex County,Massachusetts
Dunstable,Middlesex County,Massachusetts
Everett,Middlesex County,Massachusetts
Framingham,Middlesex County,Massachusetts
Groton,Middlesex County,Massachusetts
Holliston,Middlesex County,Massachusetts
Hopkinton,Middlesex County,Massachusetts
Hudson,Middlesex County,Massachusetts
Lexington,Middlesex County,Massachusetts
Lincoln,Middlesex County,Massachusetts
Littleton,Middlesex County,Massachusetts
Lowell,Middlesex County,Massachusetts
Malden,Middlesex County,Massachusetts
Marlborough,Middlesex County,Massachusetts
Maynard,Middlesex County,Massachusetts
Medford,Middlesex County,Massachusetts
Melrose,Middlesex County,Massachusetts
Natick,Middlesex County,Massachusetts
Newton,Middlesex County,Massachusetts
North Reading,Middlesex County,Massachusetts
Pepperell,Middlesex County,Massachusetts
Reading,Middlesex County,Massachusetts
Sherborn,Middlesex County,Massachusetts
Shirley,Middlesex County,Massachusetts
Somerville,Middlesex County,Massachusetts
Stoneham,Middlesex County,Massachusetts
Stow,Middlesex County,Massachusetts
Sudbury,Middlesex County,Massachusetts
Tewksbury,Middlesex County,Massachusetts
Townsend,Middlesex County,Massachusetts
Tyngsborough,Middlesex County,Massachusetts
Wakefield,Middlesex County,Massachusetts
Waltham,Middlesex County,Massachusetts
Watertown,Middlesex County,Massachusetts
Wayland,Middlesex County,Massachusetts
Westford,Middlesex County,Massachusetts
Weston,Middlesex County,Massachusetts
Wilmington,Middlesex County,Massachusetts
Winchester,Middlesex County,Massachusetts
Woburn,Middlesex County,Massachusetts
Nantucket,Nantucket County,Massachusetts
Avon,Norfolk County,Massachusetts
Bellingham,Norfolk County,Massachusetts
Braintree,Norfolk County,Massachusetts
Brookline,Norfolk County,Massachusetts
Canton,Norfolk County,Massachusetts
Cohasset,Norfolk County,Massachusetts
Dedham,Norfolk County,Massachusetts
Dover,Norfolk County,Massachusetts
Foxborough,Norfolk County,Massachusetts
Franklin,Norfolk County,Massachusetts
Holbrook,Norfolk County,Massachusetts
Medfield,Norfolk County,Massachusetts
Medway,Norfolk County,Massachusetts
Millis,Norfolk County,Massachusetts
Milton,Norfolk County,Massachusetts
Needham,Norfolk County,Massachusetts
Norfolk,Norfolk County,Massachusetts
Norwood,Norfolk County,Massachusetts
Plainville,Norfolk County,Massachusetts
Quincy,Norfolk County,Massachusetts
Randolph,Norfolk County,Massachusetts
Sharon,Norfolk County,Massachusetts
Stoughton,Norfolk County,Massachusetts
Walpole,Norfolk County,Massachusetts
Wellesley,Norfolk County,Massachusetts
Westwood,Norfolk County,Massachusetts
Weymouth,Norfolk County,Massachusetts
Wrentham,Norfolk County,Massachusetts
Abington,Plymouth County,Massachusetts
Bridgewater,Plymouth County,Massachusetts
Brockton,Plymouth County,Massachusetts
Carver,Plymouth County,Massachusetts
Duxbury,Plymouth County,Massachusetts
East Bridgewater,Plymouth County,Massachusetts
Halifax,Plymouth County,Massachusetts
Hanover,Plymouth County,Massachusetts
Hanson,Plymouth County,Massachusetts
Hingham,Plymouth County,Massachusetts
Hull,Plymouth County,Massachusetts
Kingston,Plymouth County,Massachusetts
Lakeville,Plymouth County,Massachusetts
Marion,Plymouth County,Massachusetts
Marshfield,Plymouth County,Massachusetts
Mattapoisett,Plymouth County,Massachusetts
Middleborough,Plymouth County,Massachusetts
Norwell,Plymouth County,Massachusetts
Pembroke,Plymouth County,Massachusetts
Plymouth,Plymouth County,Massachusetts
Plympton,Plymouth County,Massachusetts
Rochester,Plymouth County,Massachusetts
Rockland,Plymouth County,Massachusetts
Scituate,Plymouth County,Massachusetts
Wareham,Plymouth County,Massachusetts
West Bridgewater,Plymouth County,Massachusetts
Whitman,Plymouth County,Massachusetts
Boston,Suffolk County,Massachusetts
Chelsea,Suffolk County,Massachusetts
Revere,Suffolk County,Massachusetts
Winthrop,Suffolk County,Massachusetts
Ashburnham,Worcester County,Massachusetts
Athol,Worcester County,Massachusetts
Auburn,Worcester County,Massachusetts
Barre,Worcester County,Massachusetts
Berlin,Worcester County,Massachusetts
Blackstone,Worcester County,Massachusetts
Bolton,Worcester County,Massachusetts
Boylston,Worcester County,Massachusetts
Brookfield,Worcester County,Massachusetts
Charlton,Worcester County,Massachusetts
Clinton,Worcester County,Massachusetts
Douglas,Worcester County,Massachusetts
Dudley,Worcester County,Massachusetts
East Brookfield,Worcester County,Massachusetts
Fitchburg,Worcester County,Massachusetts
Gardner,Worcester County,Massachusetts
Grafton,Worcester County,Massachusetts
Hardwick,Worcester County,Massachusetts
Harvard,Worcester County,Massachusetts
Holden,Worcester County,Massachusetts
Hopedale,Worcester County,Massachusetts
Hubbardston,Worcester County,Massachusetts
Lancaster,Worcester County,Massachusetts
Leicester,Worcester County,Massachusetts
Leominster,Worcester County,Massachusetts
Lunenburg,Worcester County,Massachusetts
Mendon,Worcester County,Massachusetts
Milford,Worcester County,Massachusetts
Millbury,Worcester County,Massachusetts
Millville,Worcester County,Massachusetts
New Braintree,Worcester County,Massachusetts
Northborough,Worcester County,Massachusetts
Northbridge,Worcester County,Massachusetts
North Brookfield,Worcester County,Massachusetts
Oakham,Worcester County,Massachusetts
Oxford,Worcester County,Massachusetts
Paxton,Worcester County,Massachusetts
Petersham,Worcester County,Massachusetts
Phillipston,Worcester County,Massachusetts
Princeton,Worcester County,Massachusetts
Royalston,Worcester County,Massachusetts
Rutland,Worcester County,Massachusetts
Shrewsbury,Worcester County,Massachusetts
Southborough,Worcester County,Massachusetts
Southbridge,Worcester County,Massachusetts
Spencer,Worcester County,Massachusetts
Sterling,Worcester County,Massachusetts
Sturbridge,Worcester County,Massachusetts
Sutton,Worcester County,Massachusetts
Templeton,Worcester County,Massachusetts
Upton,Worcester County,Massachusetts
Uxbridge,Worcester County,Massachusetts
Warren,Worcester County,Massachusetts
Webster,Worcester County,Massachusetts
Westborough,Worcester County,Massachusetts
West Boylston,Worcester County,Massachusetts
West Brookfield,Worcester County,Massachusetts
Westminster,Worcester County,Massachusetts
Winchendon,Worcester County,Massachusetts
Worcester,Worcester County,Massachusetts
Alton,Belknap County,New Hampshire
Barnstead,Belknap County,New Hampshire
Belmont,Belknap County,New Hampshire
Center Harbor,Belknap County,New Hampshire
Gilford,Belknap County,New Hampshire
Gilmanton,Belknap County,New Hampshire
Laconia,Belknap County,New Hampshire
Meredith,Belknap County,New Hampshire
New Hampton,Belknap County,New Hampshire
Sanbornton,Belknap County,New Hampshire
Tilton,Belknap County,New Hampshire
Albany,Carroll County,New Hampshire
Bartlett,Carroll County,New Hampshire
Brookfield,Carroll County,New Hampshire
Chatham,Carroll County,New Hampshire
Conway,Carroll County,New Hampshire
Eaton,Carroll County,New Hampshire
Effingham,Carroll County,New Hampshire
Freedom,Carroll County,New Hampshire
Harts Location,Carroll County,New Hampshire
Jackson,Carroll County,New Hampshire
Madison,Carroll County,New Hampshire
Moultonborough,Carroll County,New Hampshire
Ossipee,Carroll County,New Hampshire
Sandwich,Carroll County,New Hampshire
Tamworth,Carroll County,New Hampshire
Tuftonboro,Carroll County,New Hampshire
Wakefield,Carroll County,New Hampshire
Wolfeboro,Carroll County,New Hampshire
Alstead,Cheshire County,New Hampshire
Chesterfield,Cheshire County,New Hampshire
Dublin,Cheshire County,New Hampshire
Fitzwilliam,Cheshire County,New Hampshire
Gilsum,Cheshire County,New Hampshire
Harrisville,Cheshire County,New Hampshire
Hinsdale,Cheshire County,New Hampshire
Jaffrey,Cheshire County,New Hampshire
Keene,Cheshire County,New Hampshire
Marlborough,Cheshire County,New Hampshire
Marlow,Cheshire County,New Hampshire
Nelson,Cheshire County,New Hampshire
Richmond,Cheshire County,New Hampshire
Rindge,Cheshire County,New Hampshire
Roxbury,Cheshire County,New Hampshire
Stoddard,Cheshire County,New Hampshire
Sullivan,Cheshire County,New Hampshire
Surry,Cheshire County,New Hampshire
Swanzey,Cheshire County,New Hampshire
Troy,Cheshire County,New Hampshire
Walpole,Cheshire County,New Hampshire
Westmoreland,Cheshire County,New Hampshire
Winchester,Cheshire County,New Hampshire
Berlin,Coos County,New Hampshire
Carroll,Coos County,New Hampshire
Clarksville,Coos County,New Hampshire
Colebrook,Coos County,New Hampshire
Columbia,Coos County,New Hampshire
Dalton,Coos County,New Hampshire
Dixville,Coos County,New Hampshire
Dummer,Coos County,New Hampshire
Errol,Coos County,New Hampshire
Gorham,Coos County,New Hampshire
Jefferson,Coos County,New Hampshire
Lancaster,Coos County,New Hampshire
Milan,Coos County,New Hampshire
Millsfield,Coos County,New Hampshire
Northumberland,Coos County,New Hampshire
Pittsburg,Coos County,New Hampshire
Randolph,Coos County,New Hampshire
Shelburne,Coos County,New Hampshire
Stark,Coos County,New Hampshire
Stewartstown,Coos County,New Hampshire
Stratford,Coos County,New Hampshire
Wentworth's Location,Coos County,New Hampshire
Whitefield,Coos County,New Hampshire
Alexandria,Grafton County,New Hampshire
Ashland,Grafton County,New Hampshire
Bath,Grafton County,New Hampshire
Benton,Grafton County,New Hampshire
Bethlehem,Grafton County,New Hampshire
Bridgewater,Grafton County,New Hampshire
Bristol,Grafton County,New Hampshire
Campton,Grafton County,New Hampshire
Canaan,Grafton County,New Hampshire
Dorchester,Grafton County,New Hampshire
Easton,Grafton County,New Hampshire
Ellsworth,Grafton County,New Hampshire
Enfield,Grafton County,New Hampshire
Franconia,Grafton County,New Hampshire
Grafton,Grafton County,New Hampshire
Groton,Grafton County,New Hampshire
Hanover,Grafton County,New Hampshire
Haverhill,Grafton County,New Hampshire
Hebron,Grafton County,New Hampshire
Holderness,Grafton County,New Hampshire
Landaff,Grafton County,New Hampshire
Lebanon,Grafton County,New Hampshire
Lincoln,Grafton County,New Hampshire
Lisbon,Grafton County,New Hampshire
Littleton,Grafton County,New Hampshire
Lyman,Grafton County,New Hampshire
Lyme,Grafton County,New Hampshire
Monroe,Grafton County,New Hampshire
Orange,Grafton County,New Hampshire
Orford,Grafton County,New Hampshire
Piermont,Grafton County,New Hampshire
Plymouth,Grafton County,New Hampshire
Rumney,Grafton County,New Hampshire
Sugar Hill,Grafton County,New Hampshire
Thornton,Grafton County,New Hampshire
Warren,Grafton County,New Hampshire
Waterville,Grafton County,New Hampshire
Wentworth,Grafton County,New Hampshire
Woodstock,Grafton County,New Hampshire
Amherst,Hillsborough County,New Hampshire
Antrim,Hillsborough County,New Hampshire
Bedford,Hillsborough County,New Hampshire
Bennington,Hillsborough County,New Hampshire
Brookline,Hillsborough County,New Hampshire
Deering,Hillsborough County,New Hampshire
Francestown,Hillsborough County,New Hampshire
Goffstown,Hillsborough County,New Hampshire
Greenfield,Hillsborough County,New Hampshire
Greenville,Hillsborough County,New Hampshire
Hancock,Hillsborough County,New Hampshire
Hillsborough,Hillsborough County,New Hampshire
Hollis,Hillsborough County,New Hampshire
Hudson,Hillsborough County,New Hampshire
Litchfield,Hillsborough County,New Hampshire
Lyndeborough,Hillsborough County,New Hampshire
Manchester,Hillsborough County,New Hampshire
Mason,Hillsborough County,New Hampshire
Merrimack,Hillsborough County,New Hampshire
Milford,Hillsborough County,New Hampshire
Mont Vernon,Hillsborough County,New Hampshire
Nashua,Hillsborough County,New Hampshire
New Boston,Hillsborough County,New Hampshire
New Ipswich,Hillsborough County,New Hampshire
Pelham,Hillsborough County,New Hampshire
Peterborough,Hillsborough County,New Hampshire
Sharon,Hillsborough County,New Hampshire
Temple,Hillsborough County,New Hampshire
Weare,Hillsborough County,New Hampshire
Wilton,Hillsborough County,New Hampshire
Windsor,Hillsborough County,New Hampshire
Allenstown,Merrimack County,New Hampshire
Andover,Merrimack County,New Hampshire
Boscawen,Merrimack County,New Hampshire
Bow,Merrimack County,New Hampshire
Bradford,Merrimack County,New Hampshire
Canterbury,Merrimack County,New Hampshire
Chichester,Merrimack County,New Hampshire
Concord,Merrimack County,New Hampshire
Danbury,Merrimack County,New Hampshire
Dunbarton,Merrimack County,New Hampshire
Epsom,Merrimack County,New Hampshire
Franklin,Merrimack County,New Hampshire
Henniker,Merrimack County,New Hampshire
Hill,Merrimack County,New Hampshire
Hooksett,Merrimack County,New Hampshire
Hopkinton,Merrimack County,New Hampshire
Loudon,Merrimack County,New Hampshire
Newbury,Merrimack County,New Hampshire
New London,Merrimack County,New Hampshire
Northfield,Merrimack County,New Hampshire
Pembroke,Merrimack County,New Hampshire
Pittsfield,Merrimack County,New Hampshire
Salisbury,Merrimack County,New Hampshire
Sutton,Merrimack County,New Hampshire
Warner,Merrimack County,New Hampshire
Webster,Merrimack County,New Hampshire
Wilmot,Merrimack County,New Hampshire
Atkinson,Rockingham County,New Hampshire
Auburn,Rockingham County,New Hampshire
Brentwood,Rockingham County,New Hampshire
Candia,Rockingham County,New Hampshire
Chester,Rockingham County,New Hampshire
Danville,Rockingham County,New Hampshire
Deerfield,Rockingham County,New Hampshire
Derry,Rockingham County,New Hampshire
East Kingston,Rockingham County,New Hampshire
Epping,Rockingham County,New Hampshire
Exeter,Rockingham County,New Hampshire
Fremont,Rockingham County,New Hampshire
Greenland,Rockingham County,New Hampshire
Hampstead,Rockingham County,New Hampshire
Hampton,Rockingham County,New Hampshire
Hampton Falls,Rockingham County,New Hampshire
Kensington,Rockingham County,New Hampshire
Kingston,Rockingham County,New Hampshire
Londonderry,Rockingham County,New Hampshire
New Castle,Rockingham County,New Hampshire
Newfields,Rockingham County,New Hampshire
Newington,Rockingham County,New Hampshire
Newmarket,Rockingham County,New Hampshire
Newton,Rockingham County,New Hampshire
North Hampton,Rockingham County,New Hampshire
Northwood,Rockingham County,New Hampshire
Nottingham,Rockingham County,New Hampshire
Plaistow,Rockingham County,New Hampshire
Portsmouth,Rockingham County,New Hampshire
Raymond,Rockingham County,New Hampshire
Rye,Rockingham County,New Hampshire
Salem,Rockingham County,New Hampshire
Sandown,Rockingham County,New Hampshire
Seabrook,Rockingham County,New Hampshire
South Hampton,Rockingham County,New Hampshire
Stratham,Rockingham County,New Hampshire
Windham,Rockingham County,New Hampshire
Barrington,Strafford County,New Hampshire
Dover,Strafford County,New Hampshire
Durham,Strafford County,New Hampshire
Farmington,Strafford County,New Hampshire
Lee,Strafford County,New Hampshire
Madbury,Strafford County,New Hampshire
Middleton,Strafford County,New Hampshire
Milton,Strafford County,New Hampshire
New Durham,Strafford County,New Hampshire
Rochester,Strafford County,New Hampshire
Rollinsford,Strafford County,New Hampshire
Somersworth,Strafford County,New Hampshire
Strafford,Strafford County,New Hampshire
Acworth,Sullivan County,New Hampshire
Charlestown,Sullivan County,New Hampshire
Claremont,Sullivan County,New Hampshire
Cornish,Sullivan County,New Hampshire
Croydon,Sullivan County,New Hampshire
Goshen,Sullivan County,New Hampshire
Grantham,Sullivan County,New Hampshire
Langdon,Sullivan County,New Hampshire
Lempster,Sullivan County,New Hampshire
Newport,Sullivan County,New Hampshire
Plainfield,Sullivan County,New Hampshire
Springfield,Sullivan County,New Hampshire
Sunapee,Sullivan County,New Hampshire
Unity,Sullivan County,New Hampshire
Washington,Sullivan County,New Hampshire
East Providence,Providence County,Rhode Island
Exeter,Washington County,Rhode Island
Foster,Providence County,Rhode Island
Glocester,Providence County,Rhode Island
Hopkinton,Washington County,Rhode Island
Jamestown,Newport County,Rhode Island
Johnston,Providence County,Rhode Island
Lincoln,Providence County,Rhode Island
Little Compton,Newport County,Rhode Island
Middletown,Newport County,Rhode Island
Barrington,Bristol County,Rhode Island
Narragansett,Washington County,Rhode Island
Newport,Newport County,Rhode Island
New Shoreham,Washington County,Rhode Island
North Kingstown,Washington County,Rhode Island
North Providence,Providence County,Rhode Island
North Smithfield,Providence County,Rhode Island
Pawtucket,Providence County,Rhode Island
Portsmouth,Newport County,Rhode Island
Providence,Providence County,Rhode Island
Richmond,Washington County,Rhode Island
Bristol,Bristol County,Rhode Island
Scituate,Providence County,Rhode Island
Smithfield,Providence County,Rhode Island
South Kingstown,Washington County,Rhode Island
Tiverton,Newport County,Rhode Island
Warren,Bristol County,Rhode Island
Warwick,Kent County,Rhode Island
Westerly,Washington County,Rhode Island
West Greenwich,Kent County,Rhode Island
West Warwick,Kent County,Rhode Island
Woonsocket,Providence County,Rhode Island
Burrillville,Providence County,Rhode Island
Central Falls,Providence County,Rhode Island
Charlestown,Washington County,Rhode Island
Coventry,Kent County,Rhode Island
Cranston,Providence County,Rhode Island
Cumberland,Providence County,Rhode Island
East Greenwich,Kent County,Rhode Island
Jamaica,Windham County,Vermont
Jay,Orleans County,Vermont
Jericho,Chittenden County,Vermont
Johnson,Lamoille County,Vermont
Kirby,Caledonia County,Vermont
Landgrove,Bennington County,Vermont
Leicester,Addison County,Vermont
Lemington,Essex County,Vermont
Lincoln,Addison County,Vermont
Londonderry,Windham County,Vermont
Barnet,Caledonia County,Vermont
Lowell,Orleans County,Vermont
Ludlow,Windsor County,Vermont
Lunenburg,Essex County,Vermont
Lyndon,Caledonia County,Vermont
Maidstone,Essex County,Vermont
Manchester,Bennington County,Vermont
Marlboro,Windham County,Vermont
Marshfield,Washington County,Vermont
Mendon,Rutland County,Vermont
Middlebury,Addison County,Vermont
Barre,Washington County,Vermont
Middlesex,Washington County,Vermont
Middletown Springs,Rutland County,Vermont
Milton,Chittenden County,Vermont
Monkton,Addison County,Vermont
Montgomery,Franklin County,Vermont
Montpelier,Washington County,Vermont
Moretown,Washington County,Vermont
Morgan,Orleans County,Vermont
Morristown,Lamoille County,Vermont
Mount Holly,Rutland County,Vermont
Barre Town,Washington County,Vermont
Mount Tabor,Rutland County,Vermont
Newark,Caledonia County,Vermont
Newbury,Orange County,Vermont
Newfane,Windham County,Vermont
New Haven,Addison County,Vermont
Newport,Orleans County,Vermont
Newport Town,Orleans County,Vermont
Northfield,Washington County,Vermont
North Hero,Grand Isle County,Vermont
Norton,Essex County,Vermont
Barton,Orleans County,Vermont
Norwich,Windsor County,Vermont
Orange,Orange County,Vermont
Orwell,Addison County,Vermont
Panton,Addison County,Vermont
Pawlet,Rutland County,Vermont
Peacham,Caledonia County,Vermont
Peru,Bennington County,Vermont
Pittsfield,Rutland County,Vermont
Pittsford,Rutland County,Vermont
Plainfield,Washington County,Vermont
Belvidere,Lamoille County,Vermont
Plymouth,Windsor County,Vermont
Pomfret,Windsor County,Vermont
Poultney,Rutland County,Vermont
Pownal,Bennington County,Vermont
Proctor,Rutland County,Vermont
Putney,Windham County,Vermont
Randolph,Orange County,Vermont
Reading,Windsor County,Vermont
Readsboro,Bennington County,Vermont
Richford,Franklin County,Vermont
Bennington,Bennington County,Vermont
Richmond,Chittenden County,Vermont
Ripton,Addison County,Vermont
Rochester,Windsor County,Vermont
Rockingham,Windham County,Vermont
Roxbury,Washington County,Vermont
Royalton,Windsor County,Vermont
Rupert,Bennington County,Vermont
Rutland,Rutland County,Vermont
Rutland Town,Rutland County,Vermont
Ryegate,Caledonia County,Vermont
Benson,Rutland County,Vermont
St. Albans,Franklin County,Vermont
St. Albans Town,Franklin County,Vermont
St. George,Chittenden County,Vermont
St. Johnsbury,Caledonia County,Vermont
Salisbury,Addison County,Vermont
Sandgate,Bennington County,Vermont
Searsburg,Bennington County,Vermont
Shaftsbury,Bennington County,Vermont
Sharon,Windsor County,Vermont
Sheffield,Caledonia County,Vermont
Berkshire,Franklin County,Vermont
Shelburne,Chittenden County,Vermont
Sheldon,Franklin County,Vermont
Killington,Rutland County,Vermont
Shoreham,Addison County,Vermont
Shrewsbury,Rutland County,Vermont
South Burlington,Chittenden County,Vermont
South Hero,Grand Isle County,Vermont
Springfield,Windsor County,Vermont
Stamford,Bennington County,Vermont
Stannard,Caledonia County,Vermont
Berlin,Washington County,Vermont
Starksboro,Addison County,Vermont
Stockbridge,Windsor County,Vermont
Stowe,Lamoille County,Vermont
Strafford,Orange County,Vermont
Stratton,Windham County,Vermont
Sudbury,Rutland County,Vermont
Sunderland,Bennington County,Vermont
Sutton,Caledonia County,Vermont
Swanton,Franklin County,Vermont
Thetford,Orange County,Vermont
Bethel,Windsor County,Vermont
Addison,Addison County,Vermont
Tinmouth,Rutland County,Vermont
Topsham,Orange County,Vermont
Townshend,Windham County,Vermont
Troy,Orleans County,Vermont
Tunbridge,Orange County,Vermont
Underhill,Chittenden County,Vermont
Vergennes,Addison County,Vermont
Vernon,Windham County,Vermont
Vershire,Orange County,Vermont
Victory,Essex County,Vermont
Bloomfield,Essex County,Vermont
Waitsfield,Washington County,Vermont
Walden,Caledonia County,Vermont
Wallingford,Rutland County,Vermont
Waltham,Addison County,Vermont
Wardsboro,Windham County,Vermont
Warren,Washington County,Vermont
Washington,Orange County,Vermont
Waterbury,Washington County,Vermont
Waterford,Caledonia County,Vermont
Waterville,Lamoille County,Vermont
Bolton,Chittenden County,Vermont
Weathersfield,Windsor County,Vermont
Wells,Rutland County,Vermont
West Fairlee,Orange County,Vermont
Westfield,Orleans County,Vermont
Westford,Chittenden County,Vermont
West Haven,Rutland County,Vermont
Westminster,Windham County,Vermont
Westmore,Orleans County,Vermont
Weston,Windsor County,Vermont
West Rutland,Rutland County,Vermont
Bradford,Orange County,Vermont
West Windsor,Windsor County,Vermont
Weybridge,Addison County,Vermont
Wheelock,Caledonia County,Vermont
Whiting,Addison County,Vermont
Whitingham,Windham County,Vermont
Williamstown,Orange County,Vermont
Williston,Chittenden County,Vermont
Wilmington,Windham County,Vermont
Windham,Windham County,Vermont
Windsor,Windsor County,Vermont
Braintree,Orange County,Vermont
Winhall,Bennington County,Vermont
Winooski,Chittenden County,Vermont
Wolcott,Lamoille County,Vermont
Woodbury,Washington County,Vermont
Woodford,Bennington County,Vermont
Woodstock,Windsor County,Vermont
Worcester,Washington County,Vermont
Brandon,Rutland County,Vermont
Brattleboro,Windham County,Vermont
Bridgewater,Windsor County,Vermont
Bridport,Addison County,Vermont
Brighton,Essex County,Vermont
Bristol,Addison County,Vermont
Albany,Orleans County,Vermont
Brookfield,Orange County,Vermont
Brookline,Windham County,Vermont
Brownington,Orleans County,Vermont
Brunswick,Essex County,Vermont
Burke,Caledonia County,Vermont
Burlington,Chittenden County,Vermont
Cabot,Washington County,Vermont
Calais,Washington County,Vermont
Cambridge,Lamoille County,Vermont
Canaan,Essex County,Vermont
Alburgh,Grand Isle County,Vermont
Castleton,Rutland County,Vermont
Cavendish,Windsor County,Vermont
Charleston,Orleans County,Vermont
Charlotte,Chittenden County,Vermont
Chelsea,Orange County,Vermont
Chester,Windsor County,Vermont
Chittenden,Rutland County,Vermont
Clarendon,Rutland County,Vermont
Colchester,Chittenden County,Vermont
Concord,Essex County,Vermont
Andover,Windsor County,Vermont
Corinth,Orange County,Vermont
Cornwall,Addison County,Vermont
Coventry,Orleans County,Vermont
Craftsbury,Orleans County,Vermont
Danby,Rutland County,Vermont
Danville,Caledonia County,Vermont
Derby,Orleans County,Vermont
Dorset,Bennington County,Vermont
Dover,Windham County,Vermont
Dummerston,Windham County,Vermont
Arlington,Bennington County,Vermont
Duxbury,Washington County,Vermont
East Haven,Essex County,Vermont
East Montpelier,Washington County,Vermont
Eden,Lamoille County,Vermont
Elmore,Lamoille County,Vermont
Enosburgh,Franklin County,Vermont
Essex,Chittenden County,Vermont
Fairfax,Franklin County,Vermont
Fairfield,Franklin County,Vermont
Fair Haven,Rutland County,Vermont
Athens,Windham County,Vermont
Fairlee,Orange County,Vermont
Fayston,Washington County,Vermont
Ferrisburg,Addison County,Vermont
Fletcher,Franklin County,Vermont
Franklin,Franklin County,Vermont
Georgia,Franklin County,Vermont
Glover,Orleans County,Vermont
Goshen,Addison County,Vermont
Grafton,Windham County,Vermont
Granby,Essex County,Vermont
Bakersfield,Franklin County,Vermont
Grand Isle,Grand Isle County,Vermont
Granville,Addison County,Vermont
Greensboro,Orleans County,Vermont
Groton,Caledonia County,Vermont
Guildhall,Essex County,Vermont
Guilford,Windham County,Vermont
Halifax,Windham County,Vermont
Hancock,Addison County,Vermont
Hardwick,Caledonia County,Vermont
Hartford,Windsor County,Vermont
Baltimore,Windsor County,Vermont
Hartland,Windsor County,Vermont
Highgate,Franklin County,Vermont
Hinesburg,Chittenden County,Vermont
Holland,Orleans County,Vermont
Hubbardton,Rutland County,Vermont
Huntington,Chittenden County,Vermont
Hyde Park,Lamoille County,Vermont
Ira,Rutland County,Vermont
Irasburg,Orleans County,Vermont
Isle La Motte,Grand Isle County,Vermont
Barnard,Windsor County,Vermont
